,dtype,missing
name,object,0.0
dept code,int64,0.0
muni code,float64,0.04419416029390644
item code,object,0.0
item init,float64,1.967069937824917e-06
item def,float64,1.3113799586239594e-06
item comp,float64,0.0
item oblig,float64,6.556899793119797e-07
item pagos,float64,5.245519834273793e-06
year,int64,0.0
